<?xml version = '1.0' encoding = 'UTF-8'?>
<relationalModel class="oracle.dbtools.crest.model.design.relational.RelationalDesign" name="Relational_1" id="664992A4-5E75-179F-3BC4-3150C3562B4C" mainViewID="EC5F4AAF-28D6-B853-1222-BD557986004F">
<createdBy>Nathan</createdBy>
<createdTime>2023-09-22 15:54:26 UTC</createdTime>
<ownerDesignName>Projeto grupo 5</ownerDesignName>
<shouldBeOpen>false</shouldBeOpen>
<selectedRDBMSSite>32076570-2523-435C-2E92-BF29817DFF70</selectedRDBMSSite>
</relationalModel>