<?xml version = '1.0' encoding = 'UTF-8'?>
<Diagram class="oracle.dbtools.crest.swingui.logical.DPVLogical" name="Logical" id="0634D4A2-0371-BC96-4843-DE80D740F110">
<createdBy>Nathan</createdBy>
<modifiedBy>Nathan</modifiedBy>
<createdTime>2023-09-22 15:56:32 UTC</createdTime>
<autoRoute>false</autoRoute>
<boxInbox>true</boxInbox>
<showLegend>false</showLegend>
<showLabels>false</showLabels>
<showRelAttributes>false</showRelAttributes>
<gridEnabled>false</gridEnabled>
<showGrid>false</showGrid>
<diagramColor>-1</diagramColor>
<display>false</display>
<notation>1</notation>
<objectViews>
<OView class="oracle.dbtools.crest.swingui.logical.TVEntity" oid="22C88CD6-033D-D35B-2EC0-B72F1FC212FB" otype="Entity" vid="E36880A6-8A16-5938-5C51-F11A69353214">
<hideElementsInCurrentOnly>false</hideElementsInCurrentOnly>
<bounds x="556" y="356" width="170" height="110"/>
</OView>
<OView class="oracle.dbtools.crest.swingui.logical.TVEntity" oid="4B959D69-2339-429C-7500-2BB583794CE4" otype="Entity" vid="B5498DEE-FF12-6721-4B27-69B1D2EF86E7">
<hideElementsInCurrentOnly>false</hideElementsInCurrentOnly>
<bounds x="303" y="203" width="170" height="110"/>
</OView>
<OView class="oracle.dbtools.crest.swingui.logical.TVEntity" oid="51A807D7-508E-BB45-483F-B2FADA944B64" otype="Entity" vid="6C6FCCE1-020E-490E-A0B2-9DFD15F6E8AF">
<hideElementsInCurrentOnly>false</hideElementsInCurrentOnly>
<bounds x="552" y="41" width="171" height="110"/>
</OView>
<OView class="oracle.dbtools.crest.swingui.logical.TVEntity" oid="62597D02-68BB-28C2-AE4C-AFF54CC071F7" otype="Entity" vid="D7504B05-7ABB-7C67-EB49-9D81B3A264B1">
<hideElementsInCurrentOnly>false</hideElementsInCurrentOnly>
<bounds x="557" y="199" width="170" height="110"/>
</OView>
<OView class="oracle.dbtools.crest.swingui.logical.TVEntity" oid="C5B1FDC0-F9BC-24C9-F1BC-6C9F6323E589" otype="Entity" vid="0B0D6C7F-B192-5912-8E1D-96E708982AD0">
<hideElementsInCurrentOnly>false</hideElementsInCurrentOnly>
<bounds x="92" y="35" width="170" height="110"/>
</OView>
<OView class="oracle.dbtools.crest.swingui.logical.TVEntity" oid="DF65FBE0-E55F-3161-4490-6C954F1B38CC" otype="Entity" vid="5E36A447-1D39-B5E9-F52B-D9FE79026BEB">
<hideElementsInCurrentOnly>false</hideElementsInCurrentOnly>
<bounds x="88" y="201" width="170" height="110"/>
</OView>
</objectViews>
<connectors>
<Connector class="oracle.dbtools.crest.swingui.logical.TVRelation" oid="1E4EC0F0-2E0E-E1B6-0D2F-8241A6F8D84A" otype="Relation" vid_source="B5498DEE-FF12-6721-4B27-69B1D2EF86E7" vid_target="D7504B05-7ABB-7C67-EB49-9D81B3A264B1">
<hideElementsInCurrentOnly>false</hideElementsInCurrentOnly>
<backgroundColor>-16777216</backgroundColor>
<lineWidth>1</lineWidth>
<points>
<point x="473" y="256"/>
<point x="557" y="256"/>
</points>
</Connector>
<Connector class="oracle.dbtools.crest.swingui.logical.TVRelation" oid="260E6EB6-83EB-4F8B-5E98-5FCF1BE1E808" otype="Relation" vid_source="6C6FCCE1-020E-490E-A0B2-9DFD15F6E8AF" vid_target="D7504B05-7ABB-7C67-EB49-9D81B3A264B1">
<hideElementsInCurrentOnly>false</hideElementsInCurrentOnly>
<backgroundColor>-16777216</backgroundColor>
<lineWidth>1</lineWidth>
<points>
<point x="640" y="151"/>
<point x="640" y="199"/>
</points>
</Connector>
<Connector class="oracle.dbtools.crest.swingui.logical.TVRelation" oid="519C4741-172E-2DC7-0A4B-D485BCE7D793" otype="Relation" vid_source="E36880A6-8A16-5938-5C51-F11A69353214" vid_target="D7504B05-7ABB-7C67-EB49-9D81B3A264B1">
<hideElementsInCurrentOnly>false</hideElementsInCurrentOnly>
<backgroundColor>-16777216</backgroundColor>
<lineWidth>1</lineWidth>
<points>
<point x="641" y="356"/>
<point x="641" y="309"/>
</points>
</Connector>
<Connector class="oracle.dbtools.crest.swingui.logical.TVRelation" oid="633DDBAF-C049-09E5-BC65-0D4D3EAAF7D8" otype="Relation" vid_source="B5498DEE-FF12-6721-4B27-69B1D2EF86E7" vid_target="5E36A447-1D39-B5E9-F52B-D9FE79026BEB">
<hideElementsInCurrentOnly>false</hideElementsInCurrentOnly>
<backgroundColor>-16777216</backgroundColor>
<lineWidth>1</lineWidth>
<points>
<point x="303" y="257"/>
<point x="258" y="257"/>
</points>
</Connector>
<Connector class="oracle.dbtools.crest.swingui.logical.TVRelation" oid="71AF7E0D-70A9-20F0-9BA3-E426687A3FB3" otype="Relation" vid_source="5E36A447-1D39-B5E9-F52B-D9FE79026BEB" vid_target="0B0D6C7F-B192-5912-8E1D-96E708982AD0">
<hideElementsInCurrentOnly>false</hideElementsInCurrentOnly>
<backgroundColor>-16777216</backgroundColor>
<lineWidth>1</lineWidth>
<points>
<point x="175" y="201"/>
<point x="175" y="145"/>
</points>
</Connector>
<Connector class="oracle.dbtools.crest.swingui.logical.TVRelation" oid="A5CD4B57-4E65-9E30-3148-6F47AEC82496" otype="Relation" vid_source="6C6FCCE1-020E-490E-A0B2-9DFD15F6E8AF" vid_target="0B0D6C7F-B192-5912-8E1D-96E708982AD0">
<hideElementsInCurrentOnly>false</hideElementsInCurrentOnly>
<backgroundColor>-16777216</backgroundColor>
<lineWidth>1</lineWidth>
<points>
<point x="552" y="93"/>
<point x="262" y="93"/>
</points>
</Connector>
</connectors>
</Diagram>