<?xml version = '1.0' encoding = 'UTF-8'?>
<FKIndexAssociation class="oracle.dbtools.crest.model.design.relational.FKIndexAssociation" directorySegmentName="seg_0" id="B84BE32F-5329-F251-0295-6EA97820EBEB" containerWithKeyObject="C557E377-85BD-3C63-619F-564ADD3640E2" localFKIndex="FA3BCB5D-F688-91EB-9700-332BBD44EC7C" name="Clientes_Enderecos_FK">
<createdBy>Nathan</createdBy>
<createdTime>2023-11-23 14:10:07 UTC</createdTime>
<generatorID>71AF7E0D-70A9-20F0-9BA3-E426687A3FB3</generatorID>
<ownerDesignName>Projeto grupo 5</ownerDesignName>
<referredTableLongName>Enderecos</referredTableLongName>
<deleteRule>NO ACTION</deleteRule>
<referredTableID>B6277158-707D-1EDD-00DA-6675528DDDDB</referredTableID>
<keyObject>1F4C2F2D-ECE1-2A1B-2D5F-185CA4A0E4C2</keyObject>
<referredKeyID>1F4C2F2D-ECE1-2A1B-2D5F-185CA4A0E4C2</referredKeyID>
<mandatory>true</mandatory>
<refColNames>end_id</refColNames>
<transferable>true</transferable>
<rely>false</rely>
<columnDependencyConstraintGenerateInDDL>true</columnDependencyConstraintGenerateInDDL>
</FKIndexAssociation>