<?xml version = '1.0' encoding = 'UTF-8'?>
<Entity class="oracle.dbtools.crest.model.design.logical.Entity" directorySegmentName="seg_0" id="22C88CD6-033D-D35B-2EC0-B72F1FC212FB" name="Categorias">
<createdBy>Nathan</createdBy>
<createdTime>2023-09-22 16:00:56 UTC</createdTime>
<ownerDesignName>Projeto grupo 5</ownerDesignName>
<engineerTo>
<item key="664992A4-5E75-179F-3BC4-3150C3562B4C" value="true"/>
</engineerTo>
<adequatelyNormalized>NO</adequatelyNormalized>
<expectedVolumes>0</expectedVolumes>
<fwdEngineeringStrategyName>Single Table</fwdEngineeringStrategyName>
<growthPercent>0</growthPercent>
<growthType>Year</growthType>
<maxVolumes>9999999</maxVolumes>
<minVolumes>0</minVolumes>
<normalForm>Third</normalForm>
<shortName>ctg</shortName>
<attributes itemClass="oracle.dbtools.crest.model.design.logical.Attribute">
<Attribute name="ctg_id" id="9824C3B5-CD41-0D67-1C31-F0BB087D76B7">
<createdBy>Nathan</createdBy>
<createdTime>2023-09-22 16:01:19 UTC</createdTime>
<ownerDesignName>Projeto grupo 5</ownerDesignName>
<engineerTo>
<item key="664992A4-5E75-179F-3BC4-3150C3562B4C" value="true"/>
</engineerTo>
<useDomainConstraints>false</useDomainConstraints>
<use>1</use>
<logicalDatatype>LOGDT019</logicalDatatype>
<dataTypePrecision>3</dataTypePrecision>
<ownDataTypeParameters>,3,</ownDataTypeParameters>
</Attribute>
<Attribute name="ctg_nome" id="A72C28B9-4C49-67AA-ECA7-99E679B6E9D7">
<createdBy>Nathan</createdBy>
<createdTime>2023-09-22 16:01:39 UTC</createdTime>
<ownerDesignName>Projeto grupo 5</ownerDesignName>
<engineerTo>
<item key="664992A4-5E75-179F-3BC4-3150C3562B4C" value="true"/>
</engineerTo>
<useDomainConstraints>false</useDomainConstraints>
<use>1</use>
<logicalDatatype>LOGDT024</logicalDatatype>
<dataTypeSize>20</dataTypeSize>
<ownDataTypeParameters>20,,</ownDataTypeParameters>
</Attribute>
</attributes>
<identifiers itemClass="oracle.dbtools.crest.model.design.logical.CandidateKey">
<identifier id="C03EB1FB-1ACC-B1BB-5771-6D6327A37E8B" name="Categorias PK">
<createdBy>Nathan</createdBy>
<createdTime>2023-09-22 16:01:38 UTC</createdTime>
<ownerDesignName>Projeto grupo 5</ownerDesignName>
<shouldEngineer>false</shouldEngineer>
<engineerTo>
<item key="664992A4-5E75-179F-3BC4-3150C3562B4C" value="false"/>
</engineerTo>
<pk>true</pk>
<usedAttributes>
<attributeRef>9824C3B5-CD41-0D67-1C31-F0BB087D76B7</attributeRef>
</usedAttributes>
</identifier>
</identifiers>
</Entity>