<?xml version = '1.0' encoding = 'UTF-8'?>
<Table class="oracle.dbtools.crest.model.design.relational.Table" directorySegmentName="seg_0" id="8A565794-B088-2DCF-DB65-6D997BC6C5AE" name="Categorias">
<createdBy>fireb</createdBy>
<createdTime>2023-10-04 16:54:22 UTC</createdTime>
<generatorID>22C88CD6-033D-D35B-2EC0-B72F1FC212FB</generatorID>
<ownerDesignName>Projeto grupo 5</ownerDesignName>
<abbreviation>ctg</abbreviation>
<allowColumnReorder>false</allowColumnReorder>
<existDependencyGenerateInDDl>true</existDependencyGenerateInDDl>
<parsed>true</parsed>
<columns itemClass="oracle.dbtools.crest.model.design.relational.Column">
<Column name="ctg_id" id="4140C945-9184-7DA1-A0AB-1460FF2526B7">
<createdBy>fireb</createdBy>
<createdTime>2023-10-04 16:54:22 UTC</createdTime>
<generatorID>9824C3B5-CD41-0D67-1C31-F0BB087D76B7</generatorID>
<ownerDesignName>Projeto grupo 5</ownerDesignName>
<useDomainConstraints>false</useDomainConstraints>
<use>1</use>
<logicalDatatype>LOGDT019</logicalDatatype>
<dataTypePrecision>3</dataTypePrecision>
<ownDataTypeParameters>,3,</ownDataTypeParameters>
<autoIncrementCycle>false</autoIncrementCycle>
</Column>
<Column name="ctg_nome" id="4479EEE5-9C17-BF18-D4E8-EF8FC13C3C90">
<createdBy>fireb</createdBy>
<createdTime>2023-10-04 16:54:22 UTC</createdTime>
<generatorID>A72C28B9-4C49-67AA-ECA7-99E679B6E9D7</generatorID>
<ownerDesignName>Projeto grupo 5</ownerDesignName>
<useDomainConstraints>false</useDomainConstraints>
<use>1</use>
<logicalDatatype>LOGDT024</logicalDatatype>
<dataTypeSize>20</dataTypeSize>
<ownDataTypeParameters>20,,</ownDataTypeParameters>
<autoIncrementCycle>false</autoIncrementCycle>
</Column>
</columns>
<indexes itemClass="oracle.dbtools.crest.model.design.relational.Index">
<ind_PK_UK id="EEDC23C1-FE0B-5462-8459-2666A4F3E04C" name="Categorias_PK">
<createdBy>fireb</createdBy>
<createdTime>2023-10-04 16:54:22 UTC</createdTime>
<generatorID>C03EB1FB-1ACC-B1BB-5771-6D6327A37E8B</generatorID>
<ownerDesignName>Projeto grupo 5</ownerDesignName>
<pk>true</pk>
<indexState>Primary Constraint</indexState>
<isSurrogateKey>false</isSurrogateKey>
<indexColumnUsage>
<colUsage columnID="4140C945-9184-7DA1-A0AB-1460FF2526B7"/>
</indexColumnUsage>
</ind_PK_UK>
</indexes>
</Table>