<?xml version = '1.0' encoding = 'UTF-8'?>
<Table class="oracle.dbtools.crest.model.design.relational.Table" directorySegmentName="seg_0" id="8BB0E1D4-3D98-6EA8-CF28-58E29AFBACD0" name="Fornecedores">
<createdBy>fireb</createdBy>
<createdTime>2023-10-04 16:54:22 UTC</createdTime>
<generatorID>51A807D7-508E-BB45-483F-B2FADA944B64</generatorID>
<ownerDesignName>Projeto grupo 5</ownerDesignName>
<allowColumnReorder>false</allowColumnReorder>
<existDependencyGenerateInDDl>true</existDependencyGenerateInDDl>
<parsed>true</parsed>
<columns itemClass="oracle.dbtools.crest.model.design.relational.Column">
<Column name="frn_id" id="050FA340-F8AC-B39E-A392-9EF9913B320B">
<createdBy>fireb</createdBy>
<createdTime>2023-10-04 16:54:22 UTC</createdTime>
<generatorID>6510216E-9C4E-679D-D36F-97A6A20D4678</generatorID>
<ownerDesignName>Projeto grupo 5</ownerDesignName>
<useDomainConstraints>false</useDomainConstraints>
<use>1</use>
<logicalDatatype>LOGDT019</logicalDatatype>
<dataTypePrecision>3</dataTypePrecision>
<ownDataTypeParameters>,3,</ownDataTypeParameters>
<autoIncrementCycle>false</autoIncrementCycle>
</Column>
<Column name="frn_nome" id="A53FA75F-3F87-DB97-E9A7-5A45D4E080D6">
<createdBy>fireb</createdBy>
<createdTime>2023-10-04 16:54:22 UTC</createdTime>
<generatorID>F98EBF95-8BE8-5888-AB47-B3FD579176EA</generatorID>
<ownerDesignName>Projeto grupo 5</ownerDesignName>
<useDomainConstraints>false</useDomainConstraints>
<use>1</use>
<logicalDatatype>LOGDT024</logicalDatatype>
<dataTypeSize>60</dataTypeSize>
<ownDataTypeParameters>60,,</ownDataTypeParameters>
<autoIncrementCycle>false</autoIncrementCycle>
</Column>
<Column name="frn_cnpj" id="F8F7A371-8D54-AF43-9566-7341879EF279">
<createdBy>fireb</createdBy>
<createdTime>2023-10-04 16:54:22 UTC</createdTime>
<generatorID>4EB0D7E4-79FA-91D3-6EBF-668D79883BB6</generatorID>
<ownerDesignName>Projeto grupo 5</ownerDesignName>
<useDomainConstraints>false</useDomainConstraints>
<use>1</use>
<logicalDatatype>LOGDT019</logicalDatatype>
<dataTypePrecision>14</dataTypePrecision>
<ownDataTypeParameters>,14,</ownDataTypeParameters>
<autoIncrementCycle>false</autoIncrementCycle>
</Column>
<Column name="frn_endereco" id="2FD19930-22F7-DB0D-A544-71C29C5FA4EB">
<createdBy>fireb</createdBy>
<createdTime>2023-10-04 16:54:22 UTC</createdTime>
<generatorID>47C6CFBD-91DE-D079-985C-A2167BF90B0F</generatorID>
<ownerDesignName>Projeto grupo 5</ownerDesignName>
<useDomainConstraints>false</useDomainConstraints>
<use>1</use>
<logicalDatatype>LOGDT024</logicalDatatype>
<dataTypeSize>250</dataTypeSize>
<ownDataTypeParameters>250,,</ownDataTypeParameters>
<autoIncrementCycle>false</autoIncrementCycle>
</Column>
<Column name="frn_email" id="3297075B-619F-2514-FD09-22E13A79E7B5">
<createdBy>fireb</createdBy>
<createdTime>2023-10-04 16:54:22 UTC</createdTime>
<generatorID>2B69AD38-E8BA-9E58-EB18-B4369FAF7134</generatorID>
<ownerDesignName>Projeto grupo 5</ownerDesignName>
<useDomainConstraints>false</useDomainConstraints>
<use>1</use>
<logicalDatatype>LOGDT024</logicalDatatype>
<dataTypeSize>150</dataTypeSize>
<ownDataTypeParameters>150,,</ownDataTypeParameters>
<autoIncrementCycle>false</autoIncrementCycle>
</Column>
<Column name="Enderecos_end_id" id="A9639172-1B65-F1FE-3125-5A96F46C14B8">
<createdBy>Nathan</createdBy>
<createdTime>2023-11-23 14:10:07 UTC</createdTime>
<generatorID>3D6DD6CF-9DEB-91C2-D313-B76ECBC78C45</generatorID>
<ownerDesignName>Projeto grupo 5</ownerDesignName>
<useDomainConstraints>false</useDomainConstraints>
<use>1</use>
<logicalDatatype>LOGDT019</logicalDatatype>
<dataTypePrecision>3</dataTypePrecision>
<ownDataTypeParameters>,3,</ownDataTypeParameters>
<previousColumn>false</previousColumn>
<autoIncrementCycle>false</autoIncrementCycle>
<associations>
<colAssociation fkAssociation="8DDFC454-FF66-5B3D-AFF8-FC260266A13B" referredColumn="EB40A478-6008-12B5-3A01-1D52B2A79778"/>
</associations>
</Column>
</columns>
<indexes itemClass="oracle.dbtools.crest.model.design.relational.Index">
<ind_PK_UK id="5FE96FC3-1BED-2127-7ACD-815F36E74436" name="Fornecedores_PK">
<createdBy>fireb</createdBy>
<createdTime>2023-10-04 16:54:22 UTC</createdTime>
<generatorID>AA5D743F-AABB-0A61-1683-62A19166F65E</generatorID>
<ownerDesignName>Projeto grupo 5</ownerDesignName>
<pk>true</pk>
<indexState>Primary Constraint</indexState>
<isSurrogateKey>false</isSurrogateKey>
<indexColumnUsage>
<colUsage columnID="050FA340-F8AC-B39E-A392-9EF9913B320B"/>
</indexColumnUsage>
</ind_PK_UK>
<ind_PK_UK id="7E340074-751A-1437-0B85-0865AE303C38" name="Fornecedores_Enderecos_FK">
<createdBy>Nathan</createdBy>
<createdTime>2023-11-23 14:10:07 UTC</createdTime>
<generatorID>A5CD4B57-4E65-9E30-3148-6F47AEC82496</generatorID>
<ownerDesignName>Projeto grupo 5</ownerDesignName>
<indexState>Foreign Key</indexState>
<isSurrogateKey>false</isSurrogateKey>
<indexColumnUsage>
<colUsage columnID="A9639172-1B65-F1FE-3125-5A96F46C14B8"/>
</indexColumnUsage>
</ind_PK_UK>
</indexes>
</Table>