<?xml version = '1.0' encoding = 'UTF-8'?>
<Table class="oracle.dbtools.crest.model.design.relational.Table" directorySegmentName="seg_0" id="B6277158-707D-1EDD-00DA-6675528DDDDB" name="Enderecos">
<createdBy>Nathan</createdBy>
<createdTime>2023-11-23 14:04:10 UTC</createdTime>
<generatorID>C5B1FDC0-F9BC-24C9-F1BC-6C9F6323E589</generatorID>
<ownerDesignName>Projeto grupo 5</ownerDesignName>
<allowColumnReorder>false</allowColumnReorder>
<existDependencyGenerateInDDl>true</existDependencyGenerateInDDl>
<parsed>true</parsed>
<columns itemClass="oracle.dbtools.crest.model.design.relational.Column">
<Column name="end_id" id="EB40A478-6008-12B5-3A01-1D52B2A79778">
<createdBy>Nathan</createdBy>
<createdTime>2023-11-23 14:04:10 UTC</createdTime>
<generatorID>7B2B683D-527C-222E-D02D-74103D9D7A8D</generatorID>
<ownerDesignName>Projeto grupo 5</ownerDesignName>
<useDomainConstraints>false</useDomainConstraints>
<use>1</use>
<logicalDatatype>LOGDT019</logicalDatatype>
<dataTypePrecision>3</dataTypePrecision>
<ownDataTypeParameters>,3,</ownDataTypeParameters>
<autoIncrementCycle>false</autoIncrementCycle>
</Column>
<Column name="end_estado" id="0FA904E4-5AD7-B2AC-A186-2B8D6C969319">
<createdBy>Nathan</createdBy>
<createdTime>2023-11-23 14:04:10 UTC</createdTime>
<generatorID>ED3B6C6C-3360-8484-E500-CC4543C33ABF</generatorID>
<ownerDesignName>Projeto grupo 5</ownerDesignName>
<nullsAllowed>true</nullsAllowed>
<useDomainConstraints>false</useDomainConstraints>
<use>1</use>
<logicalDatatype>LOGDT024</logicalDatatype>
<dataTypeSize>50</dataTypeSize>
<ownDataTypeParameters>50,,</ownDataTypeParameters>
<autoIncrementCycle>false</autoIncrementCycle>
</Column>
<Column name="end_cidade" id="AF62A07F-F04D-0420-D4F5-5AB902614D91">
<createdBy>Nathan</createdBy>
<createdTime>2023-11-23 14:04:10 UTC</createdTime>
<generatorID>4B71BF62-FFA8-3D52-26A4-D1D53B0F2B50</generatorID>
<ownerDesignName>Projeto grupo 5</ownerDesignName>
<nullsAllowed>true</nullsAllowed>
<useDomainConstraints>false</useDomainConstraints>
<use>1</use>
<logicalDatatype>LOGDT024</logicalDatatype>
<dataTypeSize>50</dataTypeSize>
<ownDataTypeParameters>50,,</ownDataTypeParameters>
<autoIncrementCycle>false</autoIncrementCycle>
</Column>
<Column name="end_bairro" id="EF8F9B84-008E-5686-BECD-9949AE37FA79">
<createdBy>Nathan</createdBy>
<createdTime>2023-11-23 14:04:10 UTC</createdTime>
<generatorID>3DF1888C-80F1-4FFA-FFDA-C996A9E35022</generatorID>
<ownerDesignName>Projeto grupo 5</ownerDesignName>
<nullsAllowed>true</nullsAllowed>
<useDomainConstraints>false</useDomainConstraints>
<use>1</use>
<logicalDatatype>LOGDT024</logicalDatatype>
<dataTypeSize>50</dataTypeSize>
<ownDataTypeParameters>50,,</ownDataTypeParameters>
<autoIncrementCycle>false</autoIncrementCycle>
</Column>
<Column name="end_logradouro" id="40FFE332-FD55-A871-C4DE-8902DB0642DA">
<createdBy>Nathan</createdBy>
<createdTime>2023-11-23 14:04:10 UTC</createdTime>
<generatorID>55E5ADF7-C9BA-EEBB-91E3-85921AFA69AB</generatorID>
<ownerDesignName>Projeto grupo 5</ownerDesignName>
<nullsAllowed>true</nullsAllowed>
<useDomainConstraints>false</useDomainConstraints>
<use>1</use>
<logicalDatatype>LOGDT024</logicalDatatype>
<dataTypeSize>250</dataTypeSize>
<ownDataTypeParameters>250,,</ownDataTypeParameters>
<autoIncrementCycle>false</autoIncrementCycle>
</Column>
<Column name="end_complemento" id="3E4D5EF8-6E9E-3205-20FD-840433A7B699">
<createdBy>Nathan</createdBy>
<createdTime>2023-11-30 17:45:45 UTC</createdTime>
<generatorID>A6801A94-229F-C675-5399-B71AFA314908</generatorID>
<ownerDesignName>Projeto grupo 5</ownerDesignName>
<nullsAllowed>true</nullsAllowed>
<useDomainConstraints>false</useDomainConstraints>
<use>1</use>
<logicalDatatype>LOGDT024</logicalDatatype>
<dataTypeSize>50</dataTypeSize>
<ownDataTypeParameters>50,,</ownDataTypeParameters>
<autoIncrementCycle>false</autoIncrementCycle>
</Column>
</columns>
<indexes itemClass="oracle.dbtools.crest.model.design.relational.Index">
<ind_PK_UK id="1F4C2F2D-ECE1-2A1B-2D5F-185CA4A0E4C2" name="Enderecos_PK">
<createdBy>Nathan</createdBy>
<createdTime>2023-11-23 14:04:10 UTC</createdTime>
<generatorID>B5A7CE07-D6E3-F19A-3490-61FE9CB3FE01</generatorID>
<ownerDesignName>Projeto grupo 5</ownerDesignName>
<pk>true</pk>
<indexState>Primary Constraint</indexState>
<isSurrogateKey>false</isSurrogateKey>
<indexColumnUsage>
<colUsage columnID="EB40A478-6008-12B5-3A01-1D52B2A79778"/>
</indexColumnUsage>
</ind_PK_UK>
</indexes>
</Table>