<?xml version = '1.0' encoding = 'UTF-8'?>
<Table class="oracle.dbtools.crest.model.design.relational.Table" directorySegmentName="seg_0" id="C557E377-85BD-3C63-619F-564ADD3640E2" name="Clientes">
<createdBy>fireb</createdBy>
<createdTime>2023-10-04 16:54:22 UTC</createdTime>
<generatorID>DF65FBE0-E55F-3161-4490-6C954F1B38CC</generatorID>
<ownerDesignName>Projeto grupo 5</ownerDesignName>
<allowColumnReorder>false</allowColumnReorder>
<existDependencyGenerateInDDl>true</existDependencyGenerateInDDl>
<parsed>true</parsed>
<columns itemClass="oracle.dbtools.crest.model.design.relational.Column">
<Column name="cli_id" id="B93BE77C-DA9F-A186-6423-D06A56ED1877">
<createdBy>fireb</createdBy>
<createdTime>2023-10-04 16:54:22 UTC</createdTime>
<generatorID>AEF178A7-CA5B-5EFA-5AB5-552BB950242F</generatorID>
<ownerDesignName>Projeto grupo 5</ownerDesignName>
<useDomainConstraints>false</useDomainConstraints>
<use>1</use>
<logicalDatatype>LOGDT019</logicalDatatype>
<dataTypePrecision>3</dataTypePrecision>
<ownDataTypeParameters>,3,</ownDataTypeParameters>
<autoIncrementCycle>false</autoIncrementCycle>
</Column>
<Column name="cli_nome" id="24D347CE-3DC6-5A70-41E9-0FC9C9029442">
<createdBy>fireb</createdBy>
<createdTime>2023-10-04 16:54:22 UTC</createdTime>
<generatorID>1509335A-20EA-A75A-9296-6AFBBED827EB</generatorID>
<ownerDesignName>Projeto grupo 5</ownerDesignName>
<useDomainConstraints>false</useDomainConstraints>
<use>1</use>
<logicalDatatype>LOGDT024</logicalDatatype>
<dataTypeSize>100</dataTypeSize>
<ownDataTypeParameters>100,,</ownDataTypeParameters>
<autoIncrementCycle>false</autoIncrementCycle>
</Column>
<Column name="cli_cpf" id="2115467F-C5C6-2221-E0C4-8D56CA137062">
<createdBy>fireb</createdBy>
<createdTime>2023-10-04 16:54:22 UTC</createdTime>
<generatorID>3E5DF049-3E6B-E135-7959-A12BEBCC7A0B</generatorID>
<ownerDesignName>Projeto grupo 5</ownerDesignName>
<useDomainConstraints>false</useDomainConstraints>
<use>1</use>
<logicalDatatype>LOGDT025</logicalDatatype>
<dataTypeSize>11</dataTypeSize>
<ownDataTypeParameters>11,,</ownDataTypeParameters>
<autoIncrementCycle>false</autoIncrementCycle>
</Column>
<Column name="cli_telefone" id="92B32841-AE62-328A-767B-D5AF928F70D0">
<createdBy>fireb</createdBy>
<createdTime>2023-10-04 16:54:22 UTC</createdTime>
<generatorID>4F77F150-45E0-C7DB-6655-5687BDB43678</generatorID>
<ownerDesignName>Projeto grupo 5</ownerDesignName>
<nullsAllowed>true</nullsAllowed>
<useDomainConstraints>false</useDomainConstraints>
<use>1</use>
<logicalDatatype>LOGDT025</logicalDatatype>
<dataTypeSize>11</dataTypeSize>
<ownDataTypeParameters>11,,</ownDataTypeParameters>
<autoIncrementCycle>false</autoIncrementCycle>
</Column>
<Column name="cli_email" id="CE48359C-467E-5AFB-54AD-EBF31C7DB574">
<createdBy>fireb</createdBy>
<createdTime>2023-10-04 16:54:22 UTC</createdTime>
<generatorID>23AACB09-03C1-DB50-849D-FD40EDD6BCA4</generatorID>
<ownerDesignName>Projeto grupo 5</ownerDesignName>
<nullsAllowed>true</nullsAllowed>
<useDomainConstraints>false</useDomainConstraints>
<use>1</use>
<logicalDatatype>LOGDT024</logicalDatatype>
<dataTypeSize>150</dataTypeSize>
<ownDataTypeParameters>150,,</ownDataTypeParameters>
<autoIncrementCycle>false</autoIncrementCycle>
</Column>
<Column name="Enderecos_end_id" id="91699818-7B44-856F-6DB6-0C53991622E7">
<createdBy>Nathan</createdBy>
<createdTime>2023-11-23 14:10:07 UTC</createdTime>
<generatorID>CC0C063B-1A53-483E-9E8F-BC4FF38E00CC</generatorID>
<ownerDesignName>Projeto grupo 5</ownerDesignName>
<useDomainConstraints>false</useDomainConstraints>
<use>1</use>
<logicalDatatype>LOGDT019</logicalDatatype>
<dataTypePrecision>3</dataTypePrecision>
<ownDataTypeParameters>,3,</ownDataTypeParameters>
<previousColumn>false</previousColumn>
<autoIncrementCycle>false</autoIncrementCycle>
<associations>
<colAssociation fkAssociation="B84BE32F-5329-F251-0295-6EA97820EBEB" referredColumn="EB40A478-6008-12B5-3A01-1D52B2A79778"/>
</associations>
</Column>
</columns>
<indexes itemClass="oracle.dbtools.crest.model.design.relational.Index">
<ind_PK_UK id="29D37C9D-5510-23F9-893A-ECF336546C91" name="Clientes_PK">
<createdBy>fireb</createdBy>
<createdTime>2023-10-04 16:54:22 UTC</createdTime>
<generatorID>BEE08D34-01C2-7679-265F-0177CB9901B4</generatorID>
<ownerDesignName>Projeto grupo 5</ownerDesignName>
<pk>true</pk>
<indexState>Primary Constraint</indexState>
<isSurrogateKey>false</isSurrogateKey>
<indexColumnUsage>
<colUsage columnID="B93BE77C-DA9F-A186-6423-D06A56ED1877"/>
</indexColumnUsage>
</ind_PK_UK>
<ind_PK_UK id="FA3BCB5D-F688-91EB-9700-332BBD44EC7C" name="Clientes_Enderecos_FK">
<createdBy>Nathan</createdBy>
<createdTime>2023-11-23 14:10:07 UTC</createdTime>
<generatorID>71AF7E0D-70A9-20F0-9BA3-E426687A3FB3</generatorID>
<ownerDesignName>Projeto grupo 5</ownerDesignName>
<indexState>Foreign Key</indexState>
<isSurrogateKey>false</isSurrogateKey>
<indexColumnUsage>
<colUsage columnID="91699818-7B44-856F-6DB6-0C53991622E7"/>
</indexColumnUsage>
</ind_PK_UK>
</indexes>
</Table>