<?xml version = '1.0' encoding = 'UTF-8'?>
<Table class="oracle.dbtools.crest.model.design.relational.Table" directorySegmentName="seg_0" id="DA4B6707-A5C6-8164-EB0F-3A8EA494165C" name="Vendas">
<createdBy>fireb</createdBy>
<createdTime>2023-10-04 16:54:22 UTC</createdTime>
<generatorID>4B959D69-2339-429C-7500-2BB583794CE4</generatorID>
<notes><![CDATA[Tabela utilizada para gerenciar e arquivar vendas realizadas]]></notes>
<ownerDesignName>Projeto grupo 5</ownerDesignName>
<abbreviation>vnd</abbreviation>
<allowColumnReorder>false</allowColumnReorder>
<existDependencyGenerateInDDl>true</existDependencyGenerateInDDl>
<parsed>true</parsed>
<columns itemClass="oracle.dbtools.crest.model.design.relational.Column">
<Column name="vnd_id" id="D0595654-1D53-B248-7B26-4DD3923B3E24">
<createdBy>fireb</createdBy>
<createdTime>2023-10-04 16:54:22 UTC</createdTime>
<generatorID>71AFEBC8-819B-C791-30B3-ADAC786175AC</generatorID>
<ownerDesignName>Projeto grupo 5</ownerDesignName>
<useDomainConstraints>false</useDomainConstraints>
<use>1</use>
<logicalDatatype>LOGDT019</logicalDatatype>
<dataTypePrecision>3</dataTypePrecision>
<ownDataTypeParameters>,3,</ownDataTypeParameters>
<autoIncrementCycle>false</autoIncrementCycle>
</Column>
<Column name="vnd_dataVenda" id="EBD4B6D3-BACF-B532-0DFB-3E58D48E0BB5">
<createdBy>fireb</createdBy>
<createdTime>2023-10-04 16:54:22 UTC</createdTime>
<generatorID>437672F0-ABE1-23E3-20B9-5FCE6C896E3D</generatorID>
<ownerDesignName>Projeto grupo 5</ownerDesignName>
<useDomainConstraints>false</useDomainConstraints>
<use>1</use>
<logicalDatatype>LOGDT007</logicalDatatype>
<ownDataTypeParameters>,,</ownDataTypeParameters>
<autoIncrementCycle>false</autoIncrementCycle>
</Column>
<Column name="Clientes_cli_id" id="F4D03C5F-044F-F04E-C5FF-BAD2DA3A8811">
<createdBy>fireb</createdBy>
<createdTime>2023-10-04 16:54:22 UTC</createdTime>
<generatorID>132BFCEC-161D-B2BF-FC02-348BDA69F196</generatorID>
<ownerDesignName>Projeto grupo 5</ownerDesignName>
<useDomainConstraints>false</useDomainConstraints>
<use>1</use>
<logicalDatatype>LOGDT019</logicalDatatype>
<dataTypePrecision>3</dataTypePrecision>
<ownDataTypeParameters>,3,</ownDataTypeParameters>
<previousColumn>false</previousColumn>
<autoIncrementCycle>false</autoIncrementCycle>
<associations>
<colAssociation fkAssociation="ADB99C04-3AAD-3870-E8E0-68E5C0F2AA3D" referredColumn="B93BE77C-DA9F-A186-6423-D06A56ED1877"/>
</associations>
</Column>
<Column name="vnd_totalImposto" id="CC1BA065-BA0B-C4C1-4E0E-7E0DE8914054">
<createdBy>Nathan</createdBy>
<createdTime>2023-11-23 14:04:10 UTC</createdTime>
<generatorID>9337A137-B658-E381-F12D-1C682E26442F</generatorID>
<ownerDesignName>Projeto grupo 5</ownerDesignName>
<nullsAllowed>true</nullsAllowed>
<useDomainConstraints>false</useDomainConstraints>
<use>1</use>
<logicalDatatype>LOGDT019</logicalDatatype>
<dataTypePrecision>6</dataTypePrecision>
<dataTypeScale>2</dataTypeScale>
<ownDataTypeParameters>,6,2</ownDataTypeParameters>
<autoIncrementCycle>false</autoIncrementCycle>
</Column>
<Column name="vnd_valorVenda" id="D2148C79-DFF3-45DC-6C9B-4C685464248E">
<createdBy>Nathan</createdBy>
<createdTime>2023-11-23 14:04:10 UTC</createdTime>
<generatorID>29DDDDF5-11DE-66DD-546F-DF4AA91A508D</generatorID>
<ownerDesignName>Projeto grupo 5</ownerDesignName>
<nullsAllowed>true</nullsAllowed>
<useDomainConstraints>false</useDomainConstraints>
<use>1</use>
<logicalDatatype>LOGDT019</logicalDatatype>
<dataTypePrecision>10</dataTypePrecision>
<dataTypeScale>2</dataTypeScale>
<ownDataTypeParameters>,10,2</ownDataTypeParameters>
<autoIncrementCycle>false</autoIncrementCycle>
</Column>
<Column name="vnd_totalVenda" id="AC09E409-60E0-B801-0625-5E77084906CA">
<createdBy>Nathan</createdBy>
<createdTime>2023-11-23 14:04:10 UTC</createdTime>
<generatorID>832AD6FA-6038-372A-DB0E-FC9479382938</generatorID>
<ownerDesignName>Projeto grupo 5</ownerDesignName>
<nullsAllowed>true</nullsAllowed>
<useDomainConstraints>false</useDomainConstraints>
<use>1</use>
<logicalDatatype>LOGDT019</logicalDatatype>
<dataTypePrecision>10</dataTypePrecision>
<dataTypeScale>2</dataTypeScale>
<ownDataTypeParameters>,10,2</ownDataTypeParameters>
<autoIncrementCycle>false</autoIncrementCycle>
</Column>
<Column name="vnd_desconto" id="E9846A02-C802-C86B-3B71-6F9A0ABB2491">
<createdBy>Nathan</createdBy>
<createdTime>2023-11-30 18:00:30 UTC</createdTime>
<generatorID>AB86D662-63BB-39D9-E4A1-611D4876AF24</generatorID>
<ownerDesignName>Projeto grupo 5</ownerDesignName>
<nullsAllowed>true</nullsAllowed>
<useDomainConstraints>false</useDomainConstraints>
<use>1</use>
<logicalDatatype>LOGDT019</logicalDatatype>
<dataTypePrecision>6</dataTypePrecision>
<dataTypeScale>2</dataTypeScale>
<ownDataTypeParameters>,6,2</ownDataTypeParameters>
<autoIncrementCycle>false</autoIncrementCycle>
</Column>
</columns>
<indexes itemClass="oracle.dbtools.crest.model.design.relational.Index">
<ind_PK_UK id="50397ADD-8C0F-FA6A-8BA1-18C335F9545D" name="Vendas_PK">
<createdBy>fireb</createdBy>
<createdTime>2023-10-04 16:54:22 UTC</createdTime>
<generatorID>B5329F76-3664-F469-5741-7746F9EC0720</generatorID>
<ownerDesignName>Projeto grupo 5</ownerDesignName>
<pk>true</pk>
<indexState>Primary Constraint</indexState>
<isSurrogateKey>false</isSurrogateKey>
<indexColumnUsage>
<colUsage columnID="D0595654-1D53-B248-7B26-4DD3923B3E24"/>
</indexColumnUsage>
</ind_PK_UK>
<ind_PK_UK id="6E270184-647B-29A3-4196-12F4C7DEC7F0" name="Vendas_Clientes_FK">
<createdBy>fireb</createdBy>
<createdTime>2023-10-04 16:54:22 UTC</createdTime>
<generatorID>633DDBAF-C049-09E5-BC65-0D4D3EAAF7D8</generatorID>
<ownerDesignName>Projeto grupo 5</ownerDesignName>
<indexState>Foreign Key</indexState>
<isSurrogateKey>false</isSurrogateKey>
<indexColumnUsage>
<colUsage columnID="F4D03C5F-044F-F04E-C5FF-BAD2DA3A8811"/>
</indexColumnUsage>
</ind_PK_UK>
</indexes>
</Table>