<?xml version = '1.0' encoding = 'UTF-8'?>
<Entity class="oracle.dbtools.crest.model.design.logical.Entity" directorySegmentName="seg_0" id="4B959D69-2339-429C-7500-2BB583794CE4" name="Vendas">
<createdBy>Nathan</createdBy>
<createdTime>2023-09-22 16:18:55 UTC</createdTime>
<notes><![CDATA[Tabela utilizada para gerenciar e arquivar vendas realizadas]]></notes>
<ownerDesignName>Projeto grupo 5</ownerDesignName>
<engineerTo>
<item key="664992A4-5E75-179F-3BC4-3150C3562B4C" value="true"/>
</engineerTo>
<adequatelyNormalized>NO</adequatelyNormalized>
<expectedVolumes>0</expectedVolumes>
<fwdEngineeringStrategyName>Single Table</fwdEngineeringStrategyName>
<growthPercent>0</growthPercent>
<growthType>Year</growthType>
<maxVolumes>9999999</maxVolumes>
<minVolumes>0</minVolumes>
<normalForm>Third</normalForm>
<shortName>vnd</shortName>
<attributes itemClass="oracle.dbtools.crest.model.design.logical.Attribute">
<Attribute name="vnd_id" id="71AFEBC8-819B-C791-30B3-ADAC786175AC">
<createdBy>Nathan</createdBy>
<createdTime>2023-09-22 16:37:30 UTC</createdTime>
<ownerDesignName>Projeto grupo 5</ownerDesignName>
<engineerTo>
<item key="664992A4-5E75-179F-3BC4-3150C3562B4C" value="true"/>
</engineerTo>
<useDomainConstraints>false</useDomainConstraints>
<use>1</use>
<logicalDatatype>LOGDT019</logicalDatatype>
<dataTypePrecision>3</dataTypePrecision>
<ownDataTypeParameters>,3,</ownDataTypeParameters>
</Attribute>
<Attribute name="vnd_dataVenda" id="437672F0-ABE1-23E3-20B9-5FCE6C896E3D">
<createdBy>Nathan</createdBy>
<createdTime>2023-09-22 16:37:56 UTC</createdTime>
<ownerDesignName>Projeto grupo 5</ownerDesignName>
<engineerTo>
<item key="664992A4-5E75-179F-3BC4-3150C3562B4C" value="true"/>
</engineerTo>
<useDomainConstraints>false</useDomainConstraints>
<use>1</use>
<logicalDatatype>LOGDT007</logicalDatatype>
<ownDataTypeParameters>,,</ownDataTypeParameters>
</Attribute>
<Attribute name="cli_id" id="132BFCEC-161D-B2BF-FC02-348BDA69F196">
<createdBy>fireb</createdBy>
<createdTime>2023-10-04 16:37:59 UTC</createdTime>
<generatorID>633DDBAF-C049-09E5-BC65-0D4D3EAAF7D8</generatorID>
<ownerDesignName>Projeto grupo 5</ownerDesignName>
<engineerTo>
<item key="664992A4-5E75-179F-3BC4-3150C3562B4C" value="true"/>
</engineerTo>
<referedAttribute>AEF178A7-CA5B-5EFA-5AB5-552BB950242F</referedAttribute>
<useDomainConstraints>false</useDomainConstraints>
<use>1</use>
<logicalDatatype>LOGDT019</logicalDatatype>
<dataTypePrecision>3</dataTypePrecision>
<ownDataTypeParameters>,3,</ownDataTypeParameters>
</Attribute>
<Attribute name="vnd_totalImposto" id="9337A137-B658-E381-F12D-1C682E26442F">
<createdBy>Nathan</createdBy>
<createdTime>2023-11-23 14:00:44 UTC</createdTime>
<ownerDesignName>Projeto grupo 5</ownerDesignName>
<engineerTo>
<item key="664992A4-5E75-179F-3BC4-3150C3562B4C" value="true"/>
</engineerTo>
<nullsAllowed>true</nullsAllowed>
<useDomainConstraints>false</useDomainConstraints>
<use>1</use>
<logicalDatatype>LOGDT019</logicalDatatype>
<dataTypePrecision>2</dataTypePrecision>
<ownDataTypeParameters>,2,</ownDataTypeParameters>
</Attribute>
<Attribute name="vnd_valorVenda" id="29DDDDF5-11DE-66DD-546F-DF4AA91A508D">
<createdBy>Nathan</createdBy>
<createdTime>2023-11-23 14:01:17 UTC</createdTime>
<ownerDesignName>Projeto grupo 5</ownerDesignName>
<engineerTo>
<item key="664992A4-5E75-179F-3BC4-3150C3562B4C" value="true"/>
</engineerTo>
<nullsAllowed>true</nullsAllowed>
<useDomainConstraints>false</useDomainConstraints>
<use>1</use>
<logicalDatatype>LOGDT019</logicalDatatype>
<dataTypePrecision>10</dataTypePrecision>
<dataTypeScale>2</dataTypeScale>
<ownDataTypeParameters>,10,2</ownDataTypeParameters>
</Attribute>
<Attribute name="vnd_totalVenda" id="832AD6FA-6038-372A-DB0E-FC9479382938">
<createdBy>Nathan</createdBy>
<createdTime>2023-11-23 14:01:49 UTC</createdTime>
<ownerDesignName>Projeto grupo 5</ownerDesignName>
<engineerTo>
<item key="664992A4-5E75-179F-3BC4-3150C3562B4C" value="true"/>
</engineerTo>
<nullsAllowed>true</nullsAllowed>
<useDomainConstraints>false</useDomainConstraints>
<use>1</use>
<logicalDatatype>LOGDT019</logicalDatatype>
<dataTypePrecision>10</dataTypePrecision>
<dataTypeScale>2</dataTypeScale>
<ownDataTypeParameters>,10,2</ownDataTypeParameters>
</Attribute>
</attributes>
<identifiers itemClass="oracle.dbtools.crest.model.design.logical.CandidateKey">
<identifier id="B5329F76-3664-F469-5741-7746F9EC0720" name="Vendas PK">
<createdBy>Nathan</createdBy>
<createdTime>2023-09-22 16:37:54 UTC</createdTime>
<ownerDesignName>Projeto grupo 5</ownerDesignName>
<shouldEngineer>false</shouldEngineer>
<engineerTo>
<item key="664992A4-5E75-179F-3BC4-3150C3562B4C" value="false"/>
</engineerTo>
<pk>true</pk>
<usedAttributes>
<attributeRef>71AFEBC8-819B-C791-30B3-ADAC786175AC</attributeRef>
</usedAttributes>
</identifier>
</identifiers>
</Entity>