<?xml version = '1.0' encoding = 'UTF-8'?>
<Entity class="oracle.dbtools.crest.model.design.logical.Entity" directorySegmentName="seg_0" id="C5B1FDC0-F9BC-24C9-F1BC-6C9F6323E589" name="Enderecos">
<createdBy>Nathan</createdBy>
<createdTime>2023-11-23 13:50:58 UTC</createdTime>
<ownerDesignName>Projeto grupo 5</ownerDesignName>
<engineerTo>
<item key="664992A4-5E75-179F-3BC4-3150C3562B4C" value="true"/>
</engineerTo>
<adequatelyNormalized>NO</adequatelyNormalized>
<expectedVolumes>0</expectedVolumes>
<fwdEngineeringStrategyName>Single Table</fwdEngineeringStrategyName>
<growthPercent>0</growthPercent>
<growthType>Year</growthType>
<maxVolumes>9999999</maxVolumes>
<minVolumes>0</minVolumes>
<normalForm>Third</normalForm>
<attributes itemClass="oracle.dbtools.crest.model.design.logical.Attribute">
<Attribute name="end_id" id="7B2B683D-527C-222E-D02D-74103D9D7A8D">
<createdBy>Nathan</createdBy>
<createdTime>2023-11-23 13:53:27 UTC</createdTime>
<ownerDesignName>Projeto grupo 5</ownerDesignName>
<engineerTo>
<item key="664992A4-5E75-179F-3BC4-3150C3562B4C" value="true"/>
</engineerTo>
<useDomainConstraints>false</useDomainConstraints>
<use>1</use>
<logicalDatatype>LOGDT019</logicalDatatype>
<dataTypePrecision>3</dataTypePrecision>
<ownDataTypeParameters>,3,</ownDataTypeParameters>
</Attribute>
<Attribute name="end_estado" id="ED3B6C6C-3360-8484-E500-CC4543C33ABF">
<createdBy>Nathan</createdBy>
<createdTime>2023-11-23 13:53:54 UTC</createdTime>
<ownerDesignName>Projeto grupo 5</ownerDesignName>
<engineerTo>
<item key="664992A4-5E75-179F-3BC4-3150C3562B4C" value="true"/>
</engineerTo>
<nullsAllowed>true</nullsAllowed>
<useDomainConstraints>false</useDomainConstraints>
<use>1</use>
<logicalDatatype>LOGDT024</logicalDatatype>
<dataTypeSize>50</dataTypeSize>
<ownDataTypeParameters>50,,</ownDataTypeParameters>
</Attribute>
<Attribute name="end_cidade" id="4B71BF62-FFA8-3D52-26A4-D1D53B0F2B50">
<createdBy>Nathan</createdBy>
<createdTime>2023-11-23 13:54:38 UTC</createdTime>
<ownerDesignName>Projeto grupo 5</ownerDesignName>
<engineerTo>
<item key="664992A4-5E75-179F-3BC4-3150C3562B4C" value="true"/>
</engineerTo>
<nullsAllowed>true</nullsAllowed>
<useDomainConstraints>false</useDomainConstraints>
<use>1</use>
<logicalDatatype>LOGDT024</logicalDatatype>
<dataTypeSize>50</dataTypeSize>
<ownDataTypeParameters>50,,</ownDataTypeParameters>
</Attribute>
<Attribute name="end_bairro" id="3DF1888C-80F1-4FFA-FFDA-C996A9E35022">
<createdBy>Nathan</createdBy>
<createdTime>2023-11-23 13:55:13 UTC</createdTime>
<ownerDesignName>Projeto grupo 5</ownerDesignName>
<engineerTo>
<item key="664992A4-5E75-179F-3BC4-3150C3562B4C" value="true"/>
</engineerTo>
<nullsAllowed>true</nullsAllowed>
<useDomainConstraints>false</useDomainConstraints>
<use>1</use>
<logicalDatatype>LOGDT024</logicalDatatype>
<dataTypeSize>50</dataTypeSize>
<ownDataTypeParameters>50,,</ownDataTypeParameters>
</Attribute>
<Attribute name="end_logradouro" id="55E5ADF7-C9BA-EEBB-91E3-85921AFA69AB">
<createdBy>Nathan</createdBy>
<createdTime>2023-11-23 13:55:27 UTC</createdTime>
<ownerDesignName>Projeto grupo 5</ownerDesignName>
<engineerTo>
<item key="664992A4-5E75-179F-3BC4-3150C3562B4C" value="true"/>
</engineerTo>
<nullsAllowed>true</nullsAllowed>
<useDomainConstraints>false</useDomainConstraints>
<use>1</use>
<logicalDatatype>LOGDT024</logicalDatatype>
<dataTypeSize>250</dataTypeSize>
<ownDataTypeParameters>250,,</ownDataTypeParameters>
</Attribute>
</attributes>
<identifiers itemClass="oracle.dbtools.crest.model.design.logical.CandidateKey">
<identifier id="B5A7CE07-D6E3-F19A-3490-61FE9CB3FE01" name="Enderecos PK">
<createdBy>Nathan</createdBy>
<createdTime>2023-11-23 13:53:50 UTC</createdTime>
<ownerDesignName>Projeto grupo 5</ownerDesignName>
<shouldEngineer>false</shouldEngineer>
<engineerTo>
<item key="664992A4-5E75-179F-3BC4-3150C3562B4C" value="false"/>
</engineerTo>
<pk>true</pk>
<usedAttributes>
<attributeRef>7B2B683D-527C-222E-D02D-74103D9D7A8D</attributeRef>
</usedAttributes>
</identifier>
</identifiers>
</Entity>