<?xml version = '1.0' encoding = 'UTF-8'?>
<Relation class="oracle.dbtools.crest.model.design.logical.Relation" name="Relation_5" directorySegmentName="seg_0" id="1E4EC0F0-2E0E-E1B6-0D2F-8241A6F8D84A">
<createdBy>fireb</createdBy>
<createdTime>2023-10-04 16:43:05 UTC</createdTime>
<ownerDesignName>Projeto grupo 5</ownerDesignName>
<engineerTo>
<item key="664992A4-5E75-179F-3BC4-3150C3562B4C" value="true"/>
</engineerTo>
<sourcePk>B5329F76-3664-F469-5741-7746F9EC0720</sourcePk>
<identifying>false</identifying>
<optionalSource>false</optionalSource>
<optionalTarget>false</optionalTarget>
<sourceCardinality>*</sourceCardinality>
<sourceEntity>4B959D69-2339-429C-7500-2BB583794CE4</sourceEntity>
<targetCardinalityString>*</targetCardinalityString>
<targetEntity>62597D02-68BB-28C2-AE4C-AFF54CC071F7</targetEntity>
<transferable>true</transferable>
<deleteRule>NO ACTION</deleteRule>
</Relation>