<?xml version = '1.0' encoding = 'UTF-8'?>
<Relation class="oracle.dbtools.crest.model.design.logical.Relation" name="Relation_1" directorySegmentName="seg_0" id="260E6EB6-83EB-4F8B-5E98-5FCF1BE1E808">
<createdBy>fireb</createdBy>
<createdTime>2023-10-04 16:37:08 UTC</createdTime>
<ownerDesignName>Projeto grupo 5</ownerDesignName>
<engineerTo>
<item key="664992A4-5E75-179F-3BC4-3150C3562B4C" value="true"/>
</engineerTo>
<sourcePk>AA5D743F-AABB-0A61-1683-62A19166F65E</sourcePk>
<identifying>false</identifying>
<optionalSource>false</optionalSource>
<optionalTarget>false</optionalTarget>
<sourceCardinality>1</sourceCardinality>
<sourceEntity>51A807D7-508E-BB45-483F-B2FADA944B64</sourceEntity>
<targetCardinalityString>*</targetCardinalityString>
<targetEntity>62597D02-68BB-28C2-AE4C-AFF54CC071F7</targetEntity>
<transferable>true</transferable>
<deleteRule>NO ACTION</deleteRule>
</Relation>