<?xml version = '1.0' encoding = 'UTF-8'?>
<Relation class="oracle.dbtools.crest.model.design.logical.Relation" name="Relation_8" directorySegmentName="seg_0" id="71AF7E0D-70A9-20F0-9BA3-E426687A3FB3">
<createdBy>Nathan</createdBy>
<createdTime>2023-11-23 13:56:33 UTC</createdTime>
<ownerDesignName>Projeto grupo 5</ownerDesignName>
<engineerTo>
<item key="664992A4-5E75-179F-3BC4-3150C3562B4C" value="true"/>
</engineerTo>
<sourcePk>BEE08D34-01C2-7679-265F-0177CB9901B4</sourcePk>
<targetPk>B5A7CE07-D6E3-F19A-3490-61FE9CB3FE01</targetPk>
<identifying>false</identifying>
<optionalSource>false</optionalSource>
<optionalTarget>false</optionalTarget>
<sourceCardinality>*</sourceCardinality>
<sourceEntity>DF65FBE0-E55F-3161-4490-6C954F1B38CC</sourceEntity>
<targetCardinalityString>1</targetCardinalityString>
<targetEntity>C5B1FDC0-F9BC-24C9-F1BC-6C9F6323E589</targetEntity>
<transferable>true</transferable>
<deleteRule>NO ACTION</deleteRule>
</Relation>