<?xml version = '1.0' encoding = 'UTF-8'?>
<Relation class="oracle.dbtools.crest.model.design.logical.Relation" name="Relation_7" directorySegmentName="seg_0" id="A5CD4B57-4E65-9E30-3148-6F47AEC82496">
<createdBy>Nathan</createdBy>
<createdTime>2023-11-23 13:56:07 UTC</createdTime>
<ownerDesignName>Projeto grupo 5</ownerDesignName>
<engineerTo>
<item key="664992A4-5E75-179F-3BC4-3150C3562B4C" value="true"/>
</engineerTo>
<sourcePk>AA5D743F-AABB-0A61-1683-62A19166F65E</sourcePk>
<targetPk>B5A7CE07-D6E3-F19A-3490-61FE9CB3FE01</targetPk>
<identifying>false</identifying>
<optionalSource>false</optionalSource>
<optionalTarget>false</optionalTarget>
<sourceCardinality>*</sourceCardinality>
<sourceEntity>51A807D7-508E-BB45-483F-B2FADA944B64</sourceEntity>
<targetCardinalityString>1</targetCardinalityString>
<targetEntity>C5B1FDC0-F9BC-24C9-F1BC-6C9F6323E589</targetEntity>
<transferable>true</transferable>
<deleteRule>NO ACTION</deleteRule>
</Relation>