<?xml version = '1.0' encoding = 'UTF-8'?>
<FKIndexAssociation class="oracle.dbtools.crest.model.design.relational.FKIndexAssociation" directorySegmentName="seg_0" id="3FAC0526-27ED-5128-5085-E6B68909A4F1" containerWithKeyObject="C315D279-A290-0239-4FF4-67C193A56BCD" localFKIndex="1FA2EBD8-82B6-A49F-DBF3-A401460FB5C7" name="Produtos_Categorias_FK">
<createdBy>fireb</createdBy>
<createdTime>2023-10-04 16:54:22 UTC</createdTime>
<generatorID>519C4741-172E-2DC7-0A4B-D485BCE7D793</generatorID>
<ownerDesignName>Projeto grupo 5</ownerDesignName>
<referredTableLongName>Categorias</referredTableLongName>
<deleteRule>NO ACTION</deleteRule>
<referredTableID>8A565794-B088-2DCF-DB65-6D997BC6C5AE</referredTableID>
<keyObject>EEDC23C1-FE0B-5462-8459-2666A4F3E04C</keyObject>
<referredKeyID>EEDC23C1-FE0B-5462-8459-2666A4F3E04C</referredKeyID>
<mandatory>true</mandatory>
<refColNames>ctg_id</refColNames>
<transferable>true</transferable>
<rely>false</rely>
<columnDependencyConstraintGenerateInDDL>true</columnDependencyConstraintGenerateInDDL>
</FKIndexAssociation>