<?xml version = '1.0' encoding = 'UTF-8'?>
<FKIndexAssociation class="oracle.dbtools.crest.model.design.relational.FKIndexAssociation" directorySegmentName="seg_0" id="8DDFC454-FF66-5B3D-AFF8-FC260266A13B" containerWithKeyObject="8BB0E1D4-3D98-6EA8-CF28-58E29AFBACD0" localFKIndex="7E340074-751A-1437-0B85-0865AE303C38" name="Fornecedores_Enderecos_FK">
<createdBy>Nathan</createdBy>
<createdTime>2023-11-23 14:10:07 UTC</createdTime>
<generatorID>A5CD4B57-4E65-9E30-3148-6F47AEC82496</generatorID>
<ownerDesignName>Projeto grupo 5</ownerDesignName>
<referredTableLongName>Enderecos</referredTableLongName>
<deleteRule>NO ACTION</deleteRule>
<referredTableID>B6277158-707D-1EDD-00DA-6675528DDDDB</referredTableID>
<keyObject>1F4C2F2D-ECE1-2A1B-2D5F-185CA4A0E4C2</keyObject>
<referredKeyID>1F4C2F2D-ECE1-2A1B-2D5F-185CA4A0E4C2</referredKeyID>
<mandatory>true</mandatory>
<refColNames>end_id</refColNames>
<transferable>true</transferable>
<rely>false</rely>
<columnDependencyConstraintGenerateInDDL>true</columnDependencyConstraintGenerateInDDL>
</FKIndexAssociation>