<?xml version = '1.0' encoding = 'UTF-8'?>
<Relation class="oracle.dbtools.crest.model.design.logical.Relation" name="Relation_4" directorySegmentName="seg_0" id="519C4741-172E-2DC7-0A4B-D485BCE7D793">
<createdBy>fireb</createdBy>
<createdTime>2023-10-04 16:42:49 UTC</createdTime>
<ownerDesignName>Projeto grupo 5</ownerDesignName>
<engineerTo>
<item key="664992A4-5E75-179F-3BC4-3150C3562B4C" value="true"/>
</engineerTo>
<sourcePk>C03EB1FB-1ACC-B1BB-5771-6D6327A37E8B</sourcePk>
<identifying>false</identifying>
<optionalSource>false</optionalSource>
<optionalTarget>false</optionalTarget>
<sourceCardinality>1</sourceCardinality>
<sourceEntity>22C88CD6-033D-D35B-2EC0-B72F1FC212FB</sourceEntity>
<targetCardinalityString>*</targetCardinalityString>
<targetEntity>62597D02-68BB-28C2-AE4C-AFF54CC071F7</targetEntity>
<transferable>true</transferable>
<deleteRule>NO ACTION</deleteRule>
</Relation>