<?xml version = '1.0' encoding = 'UTF-8'?>
<Diagram class="oracle.dbtools.crest.swingui.relational.DPVRelational" name="Relational_1" id="EC5F4AAF-28D6-B853-1222-BD557986004F">
<createdBy>Nathan</createdBy>
<modifiedBy>Nathan</modifiedBy>
<createdTime>2023-09-22 16:40:12 UTC</createdTime>
<autoRoute>false</autoRoute>
<boxInbox>true</boxInbox>
<showLegend>false</showLegend>
<showLabels>false</showLabels>
<showRelAttributes>false</showRelAttributes>
<gridEnabled>false</gridEnabled>
<showGrid>false</showGrid>
<diagramColor>-1</diagramColor>
<display>false</display>
<notation>1</notation>
<objectViews>
<OView class="oracle.dbtools.crest.swingui.relational.TVTable" oid="18C769CA-3B78-7B12-8C67-10C2E04057A7" otype="Table" vid="CF749FC6-9181-55E5-5E6C-E196BDAFF215">
<hideElementsInCurrentOnly>false</hideElementsInCurrentOnly>
<bounds x="329" y="437" width="170" height="150"/>
</OView>
<OView class="oracle.dbtools.crest.swingui.relational.TVTable" oid="8A565794-B088-2DCF-DB65-6D997BC6C5AE" otype="Table" vid="8DEB954B-FC45-4EE7-0D5C-666D5F53583C">
<hideElementsInCurrentOnly>false</hideElementsInCurrentOnly>
<bounds x="556" y="444" width="170" height="83"/>
</OView>
<OView class="oracle.dbtools.crest.swingui.relational.TVTable" oid="8BB0E1D4-3D98-6EA8-CF28-58E29AFBACD0" otype="Table" vid="217127A4-A59C-D25E-914A-71F43E74D342">
<hideElementsInCurrentOnly>false</hideElementsInCurrentOnly>
<bounds x="551" y="80" width="171" height="155"/>
</OView>
<OView class="oracle.dbtools.crest.swingui.relational.TVTable" oid="B6277158-707D-1EDD-00DA-6675528DDDDB" otype="Table" vid="5CC585CF-3F4D-D2D2-35CF-B5E0057373E4">
<hideElementsInCurrentOnly>false</hideElementsInCurrentOnly>
<bounds x="92" y="98" width="170" height="121"/>
</OView>
<OView class="oracle.dbtools.crest.swingui.relational.TVTable" oid="C315D279-A290-0239-4FF4-67C193A56BCD" otype="Table" vid="C1A6B5AB-854B-8F89-73E6-3BD0BE648A50">
<hideElementsInCurrentOnly>false</hideElementsInCurrentOnly>
<bounds x="557" y="287" width="170" height="110"/>
</OView>
<OView class="oracle.dbtools.crest.swingui.relational.TVTable" oid="C557E377-85BD-3C63-619F-564ADD3640E2" otype="Table" vid="4566FA42-8794-F098-B19C-DE7555E4ADD3">
<hideElementsInCurrentOnly>false</hideElementsInCurrentOnly>
<bounds x="88" y="289" width="170" height="154"/>
</OView>
<OView class="oracle.dbtools.crest.swingui.relational.TVTable" oid="DA4B6707-A5C6-8164-EB0F-3A8EA494165C" otype="Table" vid="014025F0-B975-436B-DB22-77D8F231D297">
<hideElementsInCurrentOnly>false</hideElementsInCurrentOnly>
<bounds x="324" y="256" width="170" height="152"/>
</OView>
</objectViews>
<connectors>
<Connector class="oracle.dbtools.crest.swingui.relational.TVFKRelation" oid="3FAC0526-27ED-5128-5085-E6B68909A4F1" otype="FKIndexAssociation" vid_source="8DEB954B-FC45-4EE7-0D5C-666D5F53583C" vid_target="C1A6B5AB-854B-8F89-73E6-3BD0BE648A50">
<hideElementsInCurrentOnly>false</hideElementsInCurrentOnly>
<backgroundColor>-16777216</backgroundColor>
<lineWidth>1</lineWidth>
<points>
<point x="641" y="444"/>
<point x="641" y="397"/>
</points>
</Connector>
<Connector class="oracle.dbtools.crest.swingui.relational.TVFKRelation" oid="6C93B649-DE95-3052-981F-F420D42FDF77" otype="FKIndexAssociation" vid_source="014025F0-B975-436B-DB22-77D8F231D297" vid_target="CF749FC6-9181-55E5-5E6C-E196BDAFF215">
<hideElementsInCurrentOnly>false</hideElementsInCurrentOnly>
<backgroundColor>-16777216</backgroundColor>
<lineWidth>1</lineWidth>
<points>
<point x="411" y="408"/>
<point x="411" y="437"/>
</points>
</Connector>
<Connector class="oracle.dbtools.crest.swingui.relational.TVFKRelation" oid="79D9DAF0-834C-09AE-0BC5-B17DEB73E696" otype="FKIndexAssociation" vid_source="C1A6B5AB-854B-8F89-73E6-3BD0BE648A50" vid_target="CF749FC6-9181-55E5-5E6C-E196BDAFF215">
<hideElementsInCurrentOnly>false</hideElementsInCurrentOnly>
<backgroundColor>-16777216</backgroundColor>
<lineWidth>1</lineWidth>
<points>
<point x="568" y="397"/>
<point x="499" y="448"/>
</points>
</Connector>
<Connector class="oracle.dbtools.crest.swingui.relational.TVFKRelation" oid="8DDFC454-FF66-5B3D-AFF8-FC260266A13B" otype="FKIndexAssociation" vid_source="5CC585CF-3F4D-D2D2-35CF-B5E0057373E4" vid_target="217127A4-A59C-D25E-914A-71F43E74D342">
<hideElementsInCurrentOnly>false</hideElementsInCurrentOnly>
<backgroundColor>-16777216</backgroundColor>
<lineWidth>1</lineWidth>
<points>
<point x="262" y="173"/>
<point x="551" y="173"/>
</points>
</Connector>
<Connector class="oracle.dbtools.crest.swingui.relational.TVFKRelation" oid="ADB99C04-3AAD-3870-E8E0-68E5C0F2AA3D" otype="FKIndexAssociation" vid_source="4566FA42-8794-F098-B19C-DE7555E4ADD3" vid_target="014025F0-B975-436B-DB22-77D8F231D297">
<hideElementsInCurrentOnly>false</hideElementsInCurrentOnly>
<backgroundColor>-16777216</backgroundColor>
<lineWidth>1</lineWidth>
<points>
<point x="258" y="348"/>
<point x="324" y="348"/>
</points>
</Connector>
<Connector class="oracle.dbtools.crest.swingui.relational.TVFKRelation" oid="B84BE32F-5329-F251-0295-6EA97820EBEB" otype="FKIndexAssociation" vid_source="5CC585CF-3F4D-D2D2-35CF-B5E0057373E4" vid_target="4566FA42-8794-F098-B19C-DE7555E4ADD3">
<hideElementsInCurrentOnly>false</hideElementsInCurrentOnly>
<backgroundColor>-16777216</backgroundColor>
<lineWidth>1</lineWidth>
<points>
<point x="190" y="219"/>
<point x="190" y="289"/>
</points>
</Connector>
<Connector class="oracle.dbtools.crest.swingui.relational.TVFKRelation" oid="E1E57A24-0E39-6103-0F2B-B73626E40327" otype="FKIndexAssociation" vid_source="217127A4-A59C-D25E-914A-71F43E74D342" vid_target="C1A6B5AB-854B-8F89-73E6-3BD0BE648A50">
<hideElementsInCurrentOnly>false</hideElementsInCurrentOnly>
<backgroundColor>-16777216</backgroundColor>
<lineWidth>1</lineWidth>
<points>
<point x="639" y="235"/>
<point x="639" y="287"/>
</points>
</Connector>
</connectors>
</Diagram>